repo	commit	readme style
holypkg	fa952bff0918	centered title and one-line purpose
owenboring	32cdd32a1156	centered title and one-line purpose
owenboringssl	29c391474155	centered title and one-line purpose
owenclave	a7f130bed646	centered title and one-line purpose
owencode	7aed704abb57	centered title and one-line purpose
owendots	e2370340dee4	centered title and one-line purpose
owenewans	d9a1ec2b30da	centered profile title and links
owenlivekit	1e529614874f	centered title and one-line purpose
owenslackinstall	851e11eedfec	centered title and brief feature list
owensurf	f5b8dfbd7d67	centered title and one-line purpose
snolc	d71069837c12	centered title and one-line purpose
snolc-modules	bdc701687ac4	centered title and one-line purpose
snolcng	1b62a48370c3	centered title and one-line purpose
snolpkg	7298b8badee8	centered title and one-line purpose
